"Dim_1","Dim_2","novo_nome","destaque_partido"
0.0252360542406158,0.00169572215767185,"Abel Mesquita Jr.-pdt/RR","outros"
-0.176258620889414,-0.261337291854634,"Adail Carneiro-phs/CE","outros"
-0.0028618255751749,-0.155475189351194,"Adalberto Cavalcanti-ptb/PE","outros"
-0.680233772390555,0.42433561515671,"Adelmo Carneiro Leão-pt/MG","pt"
0.203215244684615,-0.0866758515322027,"Adelson Barreto-ptb/SE","outros"
0.23133839431344,0.126886329659889,"Ademir Camilo-pros/MG","outros"
-5.0024694791656e-05,-0.00245975067001532,"Ademir Camilo-psd/MG","outros"
0.404489714929229,-0.0259649731431545,"Adilton Sachetti-psb/MT","outros"
-0.33184700580627,-0.333045509037713,"Aelton Freitas-pr/MG","outros"
-0.699626649373037,0.371483338201596,"Afonso Florence-pt/BA","pt"
0.498552131124202,0.0979339175887462,"Afonso Hamm-pp/RS","outros"
-0.217137353517862,0.0750126997665894,"Afonso Motta-pdt/RS","outros"
-0.374227486194007,-0.138910154563869,"Aguinaldo Ribeiro-pp/PB","outros"
-0.0806161451283022,-0.0538651344687204,"Alan Rick-prb/AC","outros"
-0.0859873441475638,-0.296431965475751,"Alberto Filho-pmdb/MA","pmdb"
0.714504668646662,0.0224020755203433,"Alberto Fraga-dem/DF","outros"
0.311056450402206,-0.124255542894751,"Alceu Moreira-pmdb/RS","pmdb"
-0.640267201169966,0.509920526716969,"Alessandro Molon-pt/RJ","pt"
0.0184369325877932,0.0422155436819143,"Alessandro Molon-rede/RJ","outros"
0.400415776216662,0.0285408035126126,"Alexandre Baldy-psdb/GO","psdb"
0.587067309411667,-0.0162175273098607,"Alexandre Leite-dem/SP","outros"
0.256503750476136,0.0115890430115822,"Alexandre Serfiotis-psd/RJ","outros"
-0.233190029266353,-0.15226611705427,"Alexandre Valle-prp/RJ","outros"
-0.0737606935700997,-0.163473120461898,"Alex Canziani-ptb/PR","outros"
0.615326018966654,0.337059184457652,"Alex Manente-pps/SP","outros"
0.431995439992356,-0.078744990913501,"Alfredo Kaefer-psdb/PR","psdb"
-0.261038648396709,-0.100748645163194,"Alfredo Nascimento-pr/AM","outros"
-0.624402223953232,0.567940507842448,"Alice Portugal-pcdob/BA","outros"
-0.274767917337607,0.566143385078372,"Aliel Machado-pcdob/PR","outros"
-0.000618957388919833,0.0251965143284947,"Aliel Machado-rede/PR","outros"
-0.177679686532785,-0.254134009742208,"Altineu Côrtes-pr/RJ","outros"
-0.420701156298553,-0.155084393065347,"Aluisio Mendes-psdc/MA","outros"
-0.617932954587475,0.306134292051994,"Ana Perugini-pt/SP","pt"
-0.203771767765588,-0.271039669061004,"Anderson Ferreira-pr/PE","outros"
-0.371058174371194,-0.184743515352665,"André Abdon-prb/AP","outros"
-0.201514977132032,0.0897813934767304,"André Figueiredo-pdt/CE","outros"
-0.0856605423587656,-0.318422300903758,"André Fufuca-pen/MA","outros"
0.107214500335279,-0.139498328974437,"Andre Moura-psc/SE","outros"
-0.656302357484285,0.200906667829314,"Andres Sanchez-pt/SP","pt"
-0.665835659499545,0.340914347088492,"Angelim-pt/AC","pt"
-0.15443516599522,-0.248401665463325,"Aníbal Gomes-pmdb/CE","pmdb"
-0.149870011122326,-0.106834075881894,"Antonio Balhmann-pros/CE","outros"
-0.0758987028012157,-0.16896542284375,"Antonio Brito-ptb/BA","outros"
-0.357099324279254,-0.219944087008331,"Antonio Bulhões-prb/SP","outros"
0.25974533273757,0.0345789721019261,"Antonio Carlos Mendes Thame-psdb/SP","psdb"
0.566684863526746,-0.00525220639691861,"Antonio Imbassahy-psdb/BA","psdb"
0.222199151749987,0.155747167539445,"Antônio Jácome-pmn/RN","outros"
-0.59985834716027,0.233870800646154,"Arlindo Chinaglia-pt/SP","pt"
0.488461069928794,0.244701855374982,"Arnaldo Faria de Sá-ptb/SP","outros"
0.193037007906826,0.479741308522927,"Arnaldo Jordy-pps/PA","outros"
-0.185398165247259,-0.330771489392343,"Arnon Bezerra-ptb/CE","outros"
-0.0858228588097498,-0.359745439373792,"Arthur Lira-pp/AL","outros"
0.399821548663658,0.00120040960465463,"Arthur Oliveira Maia-s.part./BA","outros"
0.768888282156887,0.101259883439488,"Arthur Virgílio Bisneto-psdb/AM","psdb"
-0.484929965934117,0.137277253288946,"Assis Carvalho-pt/PI","pt"
-0.471519545642482,0.16093424279398,"Assis do Couto-pt/PR","pt"
-0.0752581566887342,-0.354514271402675,"Átila Lins-psd/AM","outros"
-0.0733354516918538,0.0431991264035861,"Átila Lira-psb/PI","outros"
0.597477739840558,0.499548733323281,"Augusto Carvalho-s.part./DF","outros"
-5.00246947916558e-05,-0.00245975067001532,"Augusto Coutinho-dem/PE","outros"
0.664137827220579,0.0468894136833211,"Augusto Coutinho-solidaried/PE","outros"
0.526290600405074,0.0936488029383988,"Aureo-solidaried/RJ","outros"
-0.469859368721065,0.216278881307915,"Bacelar-ptn/BA","outros"
-0.148107671227381,-0.330922353032791,"Baleia Rossi-pmdb/SP","pmdb"
0.0294991443445293,0.446458599260829,"Bebeto-psb/BA","outros"
-0.617687437733727,0.225753368698167,"Benedita da Silva-pt/RJ","pt"
0.427392710866707,-0.0955384245184192,"Benito Gama-ptb/BA","outros"
0.604931624586769,0.0907971360781598,"Benjamin Maranhão-solidaried/PB","outros"
0.64880264933552,0.133979986543148,"Betinho Gomes-psdb/PE","psdb"
-0.728931857334285,0.258594664840483,"Beto Faro-pt/PA","pt"
0.000115682106705699,0.00568817342441044,"Beto Mansur-pp/SP","outros"
-0.0901732189111059,-0.296389553152437,"Beto Mansur-prb/SP","outros"
0.0094068890480236,-0.194733452461003,"Beto Rosado-pp/RN","outros"
-0.326783760848064,0.0397759361347538,"Beto Salame-pros/PA","outros"
-0.228776005756691,-0.285414862232891,"Bilac Pinto-pr/MG","outros"
-0.678247555875174,0.370406006910668,"Bohn Gass-pt/RS","pt"
0.33985676546043,-0.119903312509662,"Bonifácio de Andrada-psdb/MG","psdb"
0.512320939002315,-0.0215544226870669,"Bruna Furlan-psdb/SP","psdb"
-0.319605373018507,-0.0457168000342577,"Brunny-ptc/MG","outros"
0.594810771318612,-0.0147530318669878,"Bruno Araújo-psdb/PE","psdb"
0.596494093666824,0.0829678817664936,"Bruno Covas-psdb/SP","psdb"
0.117590754901791,0.725737689748822,"Cabo Daciolo-s.part./RJ","outros"
-0.100290194141774,-0.0435699868862872,"Cabo Sabino-pr/CE","outros"
-0.0817620463325956,-0.381198624961951,"Cabuçu Borges-pmdb/AP","pmdb"
-0.20813924064422,-0.401150131200901,"Cacá Leão-pp/BA","outros"
-0.570716437408953,0.258209294677091,"Caetano-pt/BA","pt"
0.617154678180539,0.0160757517899931,"Caio Narcio-psdb/MG","psdb"
-0.275700583285679,-0.223539063006702,"Capitão Augusto-pr/SP","outros"
-0.00687617238973605,-0.27978195527547,"Carlos Andrade-phs/RR","outros"
-0.274410918771481,-0.207651187230318,"Carlos Bezerra-pmdb/MT","pmdb"
-0.531205108164976,0.395214948209818,"Carlos Eduardo Cadoca-pcdob/PE","outros"
-5.00246947916558e-05,-0.00245975067001532,"Carlos Eduardo Cadoca-psc/PE","outros"
-0.252248199271434,-0.279880324893397,"Carlos Gomes-prb/RS","outros"
-0.189062968699369,-0.448455851024749,"Carlos Henrique Gaguim-pmdb/TO","pmdb"
0.656040830580929,-0.0283644304529798,"Carlos Manato-solidaried/ES","outros"
-0.10628840644693,-0.35218988045209,"Carlos Marun-pmdb/MS","pmdb"
0.479235351109596,-0.068118154837909,"Carlos Melles-dem/MG","outros"
0.236558675803681,0.0102259666214065,"Carlos Sampaio-psdb/SP","psdb"
-0.632033423393062,0.213112089324521,"Carlos Zarattini-pt/SP","pt"
0.585724802938595,0.518673831667224,"Carmen Zanotto-pps/SC","outros"
0.711498289434085,0.0206278303149566,"Célio Silveira-psdb/GO","psdb"
-0.214603789746296,-0.438280983222534,"Celso Jacob-pmdb/RJ","pmdb"
-0.171541831824695,-0.259631248562803,"Celso Maldaner-pmdb/SC","pmdb"
-0.145333398594128,-0.189594337663629,"Celso Pansera-pmdb/RJ","pmdb"
-0.236409690807763,-0.16101975037262,"Celso Russomanno-prb/SP","outros"
-0.0859706042346246,-0.256173917396351,"César Halum-prb/TO","outros"
0.210173758151316,0.165303726085815,"César Messias-psb/AC","outros"
-0.0646354035695072,-0.120879270602339,"Cesar Souza-psd/SC","outros"
-0.0125214516503355,0.99479039841984,"Chico Alencar-psol/RJ","psol"
-0.629508553980126,0.300733184506946,"Chico D Angelo-pt/RJ","pt"
-0.571109368326646,0.459844152616817,"Chico Lopes-pcdob/CE","outros"
-0.14631625064776,0.333974075608349,"Christiane de Souza Yared-ptn/PR","outros"
-0.0077941052211151,-0.137736402250538,"Cícero Almeida-prtb/AL","outros"
-0.0138816432046493,-0.00516907919645016,"Cícero Almeida-psd/AL","outros"
0.106608866895755,0.268870780271961,"Clarissa Garotinho-pr/RJ","outros"
0.263941073604069,-0.132230371500369,"Claudio Cajado-dem/BA","outros"
-0.28671668643492,-0.108844167004752,"Cleber Verde-prb/MA","outros"
0.00529707431031066,0.040325657458814,"Conceição Sampaio-pp/AM","outros"
0.56404009992569,0.0325846234023154,"Covatti Filho-pp/RS","outros"
0.405330751447474,-0.0263877686024176,"Cristiane Brasil-ptb/RJ","outros"
-0.150774246305854,0.0559699728742027,"Dagoberto-pdt/MS","outros"
-0.177583004112241,0.173254869904824,"Damião Feliciano-pdt/PB","outros"
0.0481416049916502,-0.176878221423145,"Dâmina Pereira-pmn/MG","outros"
-0.593974013544708,0.510299783340656,"Daniel Almeida-pcdob/BA","outros"
0.727423640071274,0.219453166594804,"Daniel Coelho-psdb/PE","psdb"
-0.223119402986474,-0.339741701845881,"Daniel Vilela-pmdb/GO","pmdb"
0.153456962943643,-0.160068313179824,"Danilo Forte-pmdb/CE","pmdb"
0.0110354573563935,0.0126874306582677,"Danilo Forte-psb/CE","outros"
-0.0519310132085706,-0.247029775732207,"Danrlei de Deus Hinterholz-psd/RS","outros"
-0.150256900261229,-0.101740367577989,"Darcísio Perondi-pmdb/RS","pmdb"
-0.614430363346342,0.539934645508619,"Davidson Magalhães-pcdob/BA","outros"
-0.51788243762854,0.267618206016217,"Décio Lima-pt/SC","pt"
-0.163232422240886,-0.252812779064604,"Delegado Éder Mauro-psd/PA","outros"
-0.291256748912903,-0.252274667415808,"Delegado Edson Moreira-ptn/MG","outros"
0.648891142275006,0.0238576445237989,"Delegado Waldir-psdb/GO","psdb"
0.000115682106705699,0.00568817342441044,"Deley-psc/RJ","outros"
0.225686642120463,0.207123479751028,"Deley-ptb/RJ","outros"
-0.101274261435592,-0.225740735554847,"Diego Andrade-psd/MG","outros"
-0.172483800110319,-0.163349966986481,"Diego Garcia-phs/PR","outros"
-0.0452452542753626,-0.38625965252268,"Dilceu Sperafico-pp/PR","outros"
0.390992660900367,-0.144361111010567,"Dimas Fabiano-pp/MG","outros"
-0.231498761530684,-0.154756445751952,"Domingos Neto-pros/CE","outros"
0.629251845368512,0.0332941127728493,"Domingos Sávio-psdb/MG","psdb"
-0.151827737192898,-0.315563503896503,"Dr. João-pr/RJ","outros"
-5.00246947916558e-05,-0.00245975067001532,"Dr. Jorge Silva-pdt/ES","outros"
-0.301578205842296,0.0969996300071585,"Dr. Jorge Silva-pros/ES","outros"
0.201346349082948,0.191370695839643,"Dr. Sinval Malheiros-pv/SP","outros"
-0.0893487328031637,-0.264798288641771,"Dulce Miranda-pmdb/TO","pmdb"
-0.142315409212764,-0.362102962845457,"Edinho Bez-pmdb/SC","pmdb"
-0.216959432427736,-0.402725832310104,"Edio Lopes-pmdb/RR","pmdb"
0.0646974679708132,-0.121287449771564,"Edmar Arruda-psc/PR","outros"
0.0282353872831192,0.957720380494491,"Edmilson Rodrigues-psol/PA","psol"
0.672459889635076,0.186619145890399,"Eduardo Barbosa-psdb/MG","psdb"
0.712521040844846,0.0348555988807963,"Eduardo Bolsonaro-psc/SP","outros"
0.722129193408472,0.0757783215257675,"Eduardo Cury-psdb/SP","psdb"
-0.0770385653521585,-0.192127824571213,"Eduardo da Fonte-pp/PE","outros"
0.532744455489045,-0.010608746525333,"Efraim Filho-dem/PB","outros"
-0.222346255277654,-0.0864057113291239,"Elcione Barbalho-pmdb/PA","pmdb"
0.0588857619951522,-0.0112366126187469,"Eli Correa Filho-dem/SP","outros"
0.181483074606844,-0.098679862393674,"Eli Corrêa Filho-dem/SP","outros"
0.19518298217751,-0.191005562497298,"Elizeu Dionizio-s.part./MS","outros"
0.402885815045579,0.516901622142372,"Eliziane Gama-s.part./MA","outros"
0.560461442704171,-0.0268805419289958,"Elmar Nascimento-dem/BA","outros"
-0.688419902591907,0.224368694688431,"Enio Verri-pt/PR","pt"
-0.61218873312757,0.578819666197196,"Erika Kokay-pt/DF","pt"
0.382676578233972,-0.0341016316384893,"Erivelton Santana-psc/BA","outros"
0.0759071756576473,-0.0403626937236961,"Eros Biondini-ptb/MG","outros"
0.497665335527786,0.18727574719387,"Esperidião Amin-pp/SC","outros"
0.299813602678358,-0.0351663746990216,"Evair de Melo-pv/ES","outros"
0.345412402378689,0.241098534565584,"Evandro Gussi-pv/SP","outros"
-0.0768753018521169,-0.267440498558989,"Evandro Roman-psd/PR","outros"
0.479031026580522,0.0751174655584512,"Expedito Netto-solidaried/RO","outros"
-0.0197955510737808,-0.239444936181577,"Ezequiel Fonseca-pp/MT","outros"
0.498917190187192,-0.0376973029139665,"Ezequiel Teixeira-solidaried/RJ","outros"
-0.299725343532357,0.0837726790667012,"Fabiano Horta-pt/RJ","pt"
-0.0605875850609672,-0.208334020496278,"Fábio Faria-psd/RN","outros"
0.344230077557277,0.013315992719772,"Fabio Garcia-psb/MT","outros"
-0.0689518376176353,-0.176910079522133,"Fábio Mitidieri-psd/SE","outros"
-0.236975896610439,-0.149267687279726,"Fábio Ramalho-pv/MG","outros"
-0.0452316453718426,-0.350577101682726,"Fabio Reis-pmdb/SE","pmdb"
0.715974861920355,0.071118285152381,"Fábio Sousa-psdb/GO","psdb"
0.100409029968736,0.0182426124404925,"Fabricio Oliveira-psb/SC","outros"
-0.223048311722694,-0.1676196298787,"Fausto Pinato-prb/SP","outros"
0.155206944003515,-0.17040817572969,"Felipe Bornier-psd/RJ","outros"
0.611975218074053,-0.0064265101333816,"Felipe Maia-dem/RN","outros"
-0.0532721438895228,0.0428377960449846,"Félix Mendonça Júnior-pdt/BA","outros"
0.226117588567685,0.0972236856524503,"Fernando Coelho Filho-psb/PE","outros"
0.225449120876404,-0.000118869162074653,"Fernando Francischini-s.part./PR","outros"
-0.0450263796326297,-0.31543080538264,"Fernando Jordão-pmdb/RJ","pmdb"
-0.654684098405231,0.278746880309836,"Fernando Marroni-pt/RS","pt"
-0.145774871849685,-0.367223668055472,"Fernando Monteiro-pp/PE","outros"
-0.257200665190162,-0.0893855239447397,"Fernando Torres-psd/BA","outros"
-0.177500729675582,0.235934898558042,"Flávia Morais-pdt/GO","outros"
-0.125711841859678,-0.313765436216633,"Flaviano Melo-pmdb/AC","pmdb"
0.481874618032329,0.452850422153147,"Flavinho-psb/SP","outros"
-0.0953522690039979,-0.214998488015104,"Francisco Chapadinha-psd/PA","outros"
-0.116397271116553,-0.225700932218193,"Francisco Floriano-pr/RJ","outros"
-0.480961443536703,0.187651567888389,"Gabriel Guimarães-pt/MG","pt"
0.253382288038339,-0.094656275233041,"Genecias Noronha-s.part./CE","outros"
0.653944701841798,0.143999091275328,"Geovania de Sá-psdb/SC","psdb"
-0.113468462925005,-0.297959262901688,"Geraldo Resende-pmdb/MS","pmdb"
-0.0720021568386725,-0.191441814689481,"Giacobo-pr/PR","outros"
0.574146477530468,0.101922936902622,"Gilberto Nascimento-psc/SP","outros"
-0.111396951349791,-0.0488653759207832,"Giovani Cherini-pdt/RS","outros"
0.722623607196095,0.0445282148039022,"Giuseppe Vecci-psdb/GO","psdb"
-0.302971832368198,-0.0602974231203809,"Givaldo Carimbão-s.part./AL","outros"
-0.613159319701262,0.234839637442901,"Givaldo Vieira-pt/ES","pt"
0.023618175795783,0.850761813127213,"Glauber Braga-s.part./RJ","outros"
0.266580265974055,0.186771886744291,"Gonzaga Patriota-psb/PE","outros"
-0.11718941369808,-0.270604003740991,"Gorete Pereira-pr/CE","outros"
-0.105119692069102,-0.318484596630045,"Goulart-psd/SP","outros"
-0.02811470350013,-0.30467735791328,"Guilherme Mussi-pp/SP","outros"
0.243842968304874,0.358578081349883,"Heitor Schuch-psb/RS","outros"
-0.6662080623879,0.341499742574359,"Helder Salomão-pt/ES","pt"
0.684264037608244,0.0523285472597002,"Hélio Leite-dem/PA","outros"
-0.716841591508003,0.405481717165538,"Henrique Fontana-pt/RS","pt"
0.357770571267123,0.0562379656588929,"Heráclito Fortes-psb/PI","outros"
-0.255205105251863,-0.179587054269577,"Herculano Passos-psd/SP","outros"
0.230930031559792,-0.103998272780346,"Hermes Parcianello-pmdb/PR","pmdb"
-0.00343328671331639,-0.255482125874569,"Heuler Cruvinel-psd/GO","outros"
-0.0638915708674786,-0.346727264505889,"Hildo Rocha-pmdb/MA","pmdb"
-0.303185732877227,-0.134041294394967,"Hiran Gonçalves-pmn/RR","outros"
0.462166475346973,0.514603909417614,"Hissa Abrahão-pps/AM","outros"
-0.331176728444295,-0.125607751834407,"Hugo Leal-pros/RJ","outros"
-5.00246947916558e-05,-0.00245975067001532,"Hugo Leal-psc/RJ","outros"
-0.0706578067558861,-0.317671736181667,"Hugo Motta-pmdb/PB","pmdb"
-0.110851474513027,-0.274242677005102,"Indio da Costa-psd/RJ","outros"
-0.0587162102416204,-0.24117452345426,"Iracema Portella-pp/PI","outros"
-0.0542012997819599,-0.229027920152539,"Irajá Abreu-psd/TO","outros"
0.223715291273738,-0.0210118020993149,"Irmão Lazaro-psc/BA","outros"
-0.0473704314002004,0.963002277222418,"Ivan Valente-psol/SP","psol"
0.640677385084772,0.0106635213084077,"Izalci-s.part./DF","outros"
0.0065640958632831,-0.189739912356772,"Jaime Martins-s.part./MG","outros"
0.708420609140812,0.0897692698710814,"Jair Bolsonaro-pp/RJ","outros"
-0.561727782800666,0.548864210263756,"Jandira Feghali-pcdob/RJ","outros"
-0.0419787438100195,0.246248936591416,"Janete Capiberibe-psb/AP","outros"
0.475262164392988,0.316639254146643,"Jarbas Vasconcelos-pmdb/PE","pmdb"
0.0351172378085398,0.856072255189663,"Jean Wyllys-psol/RJ","psol"
0.324272254269019,-0.043072620095658,"Jefferson Campos-psd/SP","outros"
0.657706517849392,0.0480673790091858,"Jerônimo Goergen-pp/RS","outros"
-0.0456373313304088,-0.292302460595254,"Jéssica Sales-pmdb/AC","pmdb"
0.00216670006048634,0.0156408190183328,"JHC-psb/AL","outros"
0.293867440815576,0.284238805530283,"JHC-solidaried/AL","outros"
-0.198793380047189,-0.187024514346249,"Jhonatan de Jesus-prb/RR","outros"
-0.1397590388869,0.0805137353846463,"João Arruda-pmdb/PR","pmdb"
0.601238987799371,0.150297998329431,"João Campos-psdb/GO","psdb"
-0.148808083741975,-0.212043826846066,"João Carlos Bacelar-pr/BA","outros"
0.588743054946056,0.0483062595297969,"João Castelo-psdb/MA","psdb"
-0.706930861283585,0.389913725562187,"João Daniel-pt/SE","pt"
-0.284594731934846,0.623705525912613,"João Derly-s.part./RS","outros"
0.253712493263288,0.239806753211544,"João Fernando Coutinho-psb/PE","outros"
0.621416529510903,-0.00949326921964183,"João Gualberto-psdb/BA","psdb"
-0.299874982264491,-0.240579187405817,"João Marcelo Souza-pmdb/MA","pmdb"
0.663370806559103,0.121300824618036,"João Paulo Papa-psdb/SP","psdb"
0.25768557097601,-0.189780131246605,"João Rodrigues-psd/SC","outros"
-0.0771657432921468,-0.265734631903515,"Joaquim Passarinho-psd/PA","outros"
-0.591378835106364,0.510164017461702,"Jô Moraes-pcdob/MG","outros"
-0.379577308185714,-0.11887974449131,"Jony Marcos-prb/SE","outros"
0.192914632340409,0.10978549000862,"Jorge Boeira-pp/SC","outros"
0.000115682106705699,0.00568817342441044,"Jorge Boeira-psd/SC","outros"
-0.139985026962779,-0.281554492182941,"Jorge Côrte Real-ptb/PE","outros"
-0.556045786645864,0.322531979263627,"Jorge Solla-pt/BA","pt"
0.436439291082958,-0.0758505607931216,"Jorge Tadeu Mudalen-dem/SP","outros"
-0.0890724830309778,-0.263522944176817,"Jorginho Mello-s.part./SC","outros"
-0.630603266660775,0.20222569402726,"José Airton Cirilo-pt/CE","pt"
0.454394321228156,-0.00171802213169145,"José Carlos Aleluia-dem/BA","outros"
-0.123183255811294,-0.333107837247595,"José Carlos Araújo-psd/BA","outros"
-0.146970270802092,0.217218586284989,"José Fogaça-pmdb/RS","pmdb"
-0.577866841176874,0.0703076924998671,"José Guimarães-pt/CE","pt"
-0.144752324117621,-0.0160495759627788,"José Maia Filho-solidaried/PI","outros"
-0.63422664614276,0.214467141250043,"José Mentor-pt/SP","pt"
-0.174349214097548,-0.30098482074977,"José Nunes-psd/BA","outros"
0.286644707899509,0.0137050551971108,"José Otávio Germano-pp/RS","outros"
-0.164132397861239,-0.292408827197312,"José Priante-pmdb/PA","pmdb"
0.169558401930223,-0.2077752196396,"José Reinaldo-psb/MA","outros"
-0.351079419125729,-0.259332905066928,"José Rocha-pr/BA","outros"
0.249377171030858,0.523693636758956,"Jose Stédile-psb/RS","outros"
-0.16231657148043,-0.208409633881376,"Josi Nunes-pmdb/TO","pmdb"
0.022433122265787,-0.22210675267142,"Josué Bengtson-ptb/PA","outros"
-0.151154227365756,-0.364512410311344,"Jovair Arantes-ptb/GO","outros"
-0.114230396360861,-0.27640530366946,"Jozi Rocha-ptb/AP","outros"
0.431775068801629,-0.0310157934283935,"Júlia Marinho-psc/PA","outros"
-0.172208796085093,-0.296575020289467,"Júlio Cesar-psd/PI","outros"
0.220878591401287,0.163934541020997,"Júlio Delgado-psb/MG","outros"
0.116334920457725,-0.296291214813912,"Julio Lopes-pp/RJ","outros"
-0.0360967805519307,-0.163073690100603,"Junior Marreca-pen/MA","outros"
-0.128089043476198,-0.280526223773155,"Juscelino Filho-prp/MA","outros"
0.530113950896301,0.0500099999554079,"Jutahy Junior-psdb/BA","psdb"
-0.0260862479515859,-0.199235626998289,"Kaio Maniçoba-phs/PE","outros"
0.226358383083653,0.0824233879952128,"Keiko Ota-psb/SP","outros"
0.281191491416599,-0.00872063550141852,"Laercio Oliveira-solidaried/SE","outros"
-0.20770206969608,-0.263774071620108,"Laerte Bessa-pr/DF","outros"
-0.0335669299418006,-0.262032569776134,"Laudivio Carvalho-pmdb/MG","pmdb"
-0.231292344411202,-0.368607104203242,"Lázaro Botelho-pp/TO","outros"
0.457330949057467,0.359693764117006,"Leandre-pv/PR","outros"
-0.0971788402666757,-0.0358435618094941,"Lelo Coimbra-pmdb/ES","pmdb"
-0.635812570316725,0.264511433274151,"Leo de Brito-pt/AC","pt"
-0.546940483538962,0.313282015304807,"Leonardo Monteiro-pt/MG","pt"
-0.214812928430742,-0.364624379997896,"Leonardo Picciani-pmdb/RJ","pmdb"
-0.0734496173282785,-0.309210192446365,"Leonardo Quintão-pmdb/MG","pmdb"
-0.361427681371957,-0.0572730818882285,"Leônidas Cristino-pros/CE","outros"
0.2658372172513,0.270377950244929,"Leopoldo Meyer-psb/PR","outros"
-0.230335056093249,-0.104046737521868,"Lincoln Portela-pr/MG","outros"
-0.19384541404404,-0.34087666420246,"Lindomar Garçon-pmdb/RO","pmdb"
0.67220200650335,0.156415703439613,"Lobbe Neto-psdb/SP","psdb"
0.64695478590021,0.043665007449104,"Lucas Vergilio-solidaried/GO","outros"
-0.544506724398629,0.44296770090503,"Luciana Santos-pcdob/PE","outros"
0.338227843536289,0.177695049475862,"Luciano Ducci-psb/PR","outros"
-0.175016138475287,-0.321583213517887,"Lucio Mosquini-pmdb/RO","pmdb"
-0.324288579083891,-0.28929365079911,"Lúcio Vale-pr/PA","outros"
-0.00849283307672964,-0.322268160099727,"Lucio Vieira Lima-pmdb/BA","pmdb"
0.703246335758836,0.0651426303111312,"Luis Carlos Heinze-pp/RS","outros"
-0.2143304589,-0.0974320070028954,"Luis Tibé-ptdob/MG","outros"
-0.0781348406541115,0.534841286442875,"Luiza Erundina-psb/SP","outros"
-0.231929598565227,-0.181620906786169,"Luiz Carlos Busato-ptb/RS","outros"
0.579499080730138,0.142640016885801,"Luiz Carlos Hauly-psdb/PR","psdb"
-0.146995835588291,-0.236974625280737,"Luiz Carlos Ramos-psdc/RJ","outros"
-0.268527461097752,-0.334209722616928,"Luiz Cláudio-pr/RO","outros"
-0.737263082892569,0.476263276541109,"Luiz Couto-pt/PB","pt"
-0.0655038474383594,-0.329235656577873,"Luiz Fernando Faria-pp/MG","outros"
-0.388457646426099,0.371464285274521,"Luizianne Lins-pt/CE","pt"
0.158431942104799,-0.10191451134268,"Luiz Lauro Filho-psb/SP","outros"
-0.196924649406874,-0.350347779829149,"Luiz Nishimori-s.part./PR","outros"
-0.540682738162702,0.285748909726238,"Luiz Sérgio-pt/RJ","pt"
-0.29925257543146,-0.097325983461677,"Macedo-psl/CE","outros"
-0.207529633026662,-0.271661088063605,"Magda Mofatto-pr/GO","outros"
-0.0521911736511818,-0.0370879163753872,"Mainha-solidaried/PI","outros"
-0.00480118034214336,0.157871046313626,"Major Olimpio-pdt/SP","outros"
0.639743799281567,0.160352155053961,"Mandetta-dem/MS","outros"
-0.0529632710270548,-0.296829276743042,"Manoel Junior-pmdb/PB","pmdb"
0.437569794022429,0.0400023482238661,"Mara Gabrilli-psdb/SP","psdb"
0.40825471377784,-0.110554095239875,"Marcelo Aguiar-s.part./SP","outros"
-0.17111259641842,-0.115956720277232,"Marcelo Álvaro Antônio-prp/MG","outros"
-0.0311037122589881,-0.3239312362345,"Marcelo Aro-phs/MG","outros"
0.494016472521928,0.501004808154523,"Marcelo Belinati-pp/PR","outros"
-0.211348628518109,-0.0898362713026848,"Marcelo Castro-pmdb/PI","pmdb"
-0.17393855588985,0.0617094093766224,"Marcelo Matos-pdt/RJ","outros"
-0.260557599428091,-0.234816160600097,"Marcelo Squassoni-prb/SP","outros"
-0.282319449603984,-0.380670578439036,"Marcio Alvino-pr/SP","outros"
-0.318681296887545,-0.199466729140645,"Márcio Marinho-prb/BA","outros"
-0.534576960763199,0.251551097516577,"Marco Maia-pt/RS","pt"
-0.615750259507956,0.379188824250653,"Marcon-pt/RS","pt"
0.583418764371098,0.38807066740686,"Marcos Abrão-pps/GO","outros"
-0.0576908614311679,-0.36695062324832,"Marcos Montes-psd/MG","outros"
0.108535846746,0.0702961792465711,"Marcos Reategui-psc/AP","outros"
-0.00433364461966974,0.107399419703934,"Marcos Rogério-pdt/RO","outros"
-0.118302102409873,-0.383444024923227,"Marcos Rotta-pmdb/AM","pmdb"
0.0538275572749497,-0.0993673901372433,"Marcos Soares-pr/RJ","outros"
0.699252099568814,0.0473938508241833,"Marco Tebaldi-psdb/SC","psdb"
0.730473215929533,0.107953318132146,"Marcus Pestana-psdb/MG","psdb"
0.143167312010149,-0.184535726715297,"Marcus Vicente-pp/ES","outros"
-0.635553800785054,0.317785595278835,"Margarida Salomão-pt/MG","pt"
-0.550961901578062,0.347123279348421,"Maria do Rosário-pt/RS","pt"
0.116287710258658,0.214522961055761,"Maria Helena-psb/RR","outros"
0.651804670408534,0.090206449695863,"Mariana Carvalho-psdb/RO","psdb"
0.204358682684153,0.04290422489851,"Marinaldo Rosendo-psb/PE","outros"
-0.0784627513031764,-0.0729955958120814,"Marinha Raupp-pmdb/RO","pmdb"
0.00657303577145138,-0.00505642727236368,"Mário Heringer-pdt/MG","outros"
-0.21700919838688,-0.325972721915061,"Mário Negromonte Jr.-pp/BA","outros"
-0.221605897834866,-0.441368181741389,"Marquinho Mendes-pmdb/RJ","pmdb"
0.0424427423375086,-0.237220364139203,"Marx Beltrão-pmdb/AL","pmdb"
-0.203985195960796,-0.29575149790592,"Maurício Quintella Lessa-pr/AL","outros"
-0.104421221336558,-0.35414338386879,"Mauro Lopes-pmdb/MG","pmdb"
-0.109627222886846,-0.378300127626572,"Mauro Mariani-pmdb/SC","pmdb"
0.00321145567402678,-0.284833741661053,"Mauro Pereira-pmdb/RS","pmdb"
0.665586211485298,0.327547172554383,"Max Filho-psdb/ES","psdb"
0.631552965559726,0.0444386167621746,"Mendonça Filho-dem/PE","outros"
-0.192024189065536,0.0605205929121327,"Merlong Solano-pt/PI","pt"
0.785131255465895,0.105286948565362,"Miguel Haddad-psdb/SP","psdb"
-0.311810060821987,-0.371313557810928,"Miguel Lombardi-pr/SP","outros"
-0.302205564689306,-0.342562290355239,"Milton Monti-pr/SP","outros"
0.000115682106705699,0.00568817342441044,"Miro Teixeira-pdt/RJ","outros"
0.204973640017718,0.594503654435257,"Miro Teixeira-pros/RJ","outros"
0.0381065661076609,0.0516031833140716,"Miro Teixeira-rede/RJ","outros"
0.151595745067107,-0.200396310267671,"Misael Varella-dem/MG","outros"
0.438482221778632,-0.110407321370643,"Missionário José Olimpio-pp/SP","outros"
-0.674417511667384,0.380929626611144,"Moema Gramacho-pt/BA","pt"
0.616726687502157,0.300915368766948,"Moroni Torgan-dem/CE","outros"
0.572437290585386,0.403856557622337,"Moses Rodrigues-pps/CE","outros"
0.598234762582469,0.011200840440152,"Nelson Marchezan Junior-psdb/RS","psdb"
-0.123910155627128,-0.316348707539918,"Nelson Marquezelli-ptb/SP","outros"
-0.318823362708791,-0.311205389719173,"Nelson Meurer-pp/PR","outros"
-0.229691652897254,-0.327599600027695,"Newton Cardoso Jr-pmdb/MG","pmdb"
0.745369580702382,0.0302932157957678,"Nilson Leitão-psdb/MT","psdb"
0.770716915048147,0.0409116381390905,"Nilson Pinto-psdb/PA","psdb"
-0.0385467437629087,-0.257281922771013,"Nilton Capixaba-ptb/RO","outros"
-0.72762995384494,0.339406497841388,"Nilto Tatto-pt/SP","pt"
0.68816365926105,0.0375898581728087,"Odelmo Leão-pp/MG","outros"
-0.566253030864458,0.0854423454382507,"Odorico Monteiro-pt/CE","pt"
0.426650842616755,-0.0191467351101542,"Onyx Lorenzoni-dem/RS","outros"
-0.663526994159786,0.502081816314858,"Orlando Silva-pcdob/SP","outros"
0.328985774705799,0.063600048947061,"Osmar Bertoldi-dem/PR","outros"
-0.0518664532544988,-0.364346724665263,"Osmar Serraglio-pmdb/PR","pmdb"
-0.00651643318312957,-0.101443768903834,"Osmar Terra-pmdb/RS","pmdb"
0.478698781238887,0.021657116757118,"Otavio Leite-psdb/RJ","psdb"
-0.605409024383874,0.406123711724039,"Padre João-pt/MG","pt"
-0.204029781264748,-0.276197515341361,"Paes Landim-ptb/PI","outros"
0.431213048570886,0.0514208682737542,"Pastor Eurico-psb/PE","outros"
-0.262769705404468,-0.224614590587509,"Pastor Franklin-ptdob/MG","outros"
0.526874072527389,0.00217906296447257,"Pauderney Avelino-dem/AM","outros"
-0.591188258522534,0.324344001706522,"Paulão-pt/AL","pt"
0.584524198358004,-0.00372434070856465,"Paulo Abi-Ackel-psdb/MG","psdb"
0.491916936839644,-0.0440994037884918,"Paulo Azi-dem/BA","outros"
0.0170001396438125,-0.204632288158181,"Paulo Feijó-pr/RJ","outros"
0.173082048606686,0.192078917589099,"Paulo Foletto-psb/ES","outros"
0.055394025041427,-0.071285688125051,"Paulo Freire-pr/SP","outros"
-0.393112900324685,-0.128253033609074,"Paulo Magalhães-psd/BA","outros"
-0.0390076643709071,-0.166936809178705,"Paulo Maluf-pp/SP","outros"
0.341479513438855,-0.0367358775528509,"Paulo Pereira da Silva-s.part./SP","outros"
-0.53912157954779,0.349991430289308,"Paulo Pimenta-pt/RS","pt"
-0.705424408465503,0.388093979941913,"Paulo Teixeira-pt/SP","pt"
-0.198603639258775,-0.485453410727283,"Pedro Chaves-pmdb/GO","pmdb"
0.742899931476598,0.160342612507967,"Pedro Cunha Lima-psdb/PB","psdb"
-0.20291676123285,-0.18670594518442,"Pedro Fernandes-ptb/MA","outros"
-0.576931719204707,0.509330299911961,"Pedro Uczai-pt/SC","pt"
0.755316999588135,0.0922526446389159,"Pedro Vilela-psdb/AL","psdb"
0.0509136267009519,0.236046106065196,"Penna-pv/SP","outros"
-0.101213011803841,0.153847555029582,"Pompeo de Mattos-pdt/RS","outros"
0.276772127723106,0.0907478149672917,"Pr. Marco Feliciano-psc/SP","outros"
0.546341415984124,0.352498380632701,"Professora Dorinha Seabra Rezende-dem/TO","outros"
-0.549226188600097,0.439844550858512,"Professora Marcivania-pt/AP","pt"
0.467415469683648,0.0198895537461234,"Professor Victório Galli-psc/MT","outros"
-0.238096796169518,0.0827039363375406,"Rafael Motta-pros/RN","outros"
0.695978467888263,0.0302705439625808,"Raimundo Gomes de Matos-psdb/CE","psdb"
0.389617848664417,-0.11901788276954,"Raquel Muniz-psc/MG","outros"
0.243807540219538,0.452392898346404,"Raul Jungmann-pps/PE","outros"
-0.496205385977944,0.200767824296696,"Reginaldo Lopes-pt/MG","pt"
-0.129447880595067,-0.299867198533658,"Remídio Monai-pr/RR","outros"
-0.353454873398338,-0.069155787852121,"Renata Abreu-ptn/SP","outros"
0.0733694801378459,-0.208211007043285,"Renato Molling-pp/RS","outros"
0.399746368323613,-0.0703806160542185,"Renzo Braz-pp/MG","outros"
-0.252496120217433,-0.173258851823801,"Ricardo Barros-pp/PR","outros"
-0.168548949008965,-0.185469515118913,"Ricardo Izar-psd/SP","outros"
-0.158502998277224,-0.263562146654024,"Ricardo Teobaldo-ptb/PE","outros"
0.705991768299956,0.0941063735207907,"Ricardo Tripoli-psdb/SP","psdb"
-0.313815022827925,-0.219353397010482,"Roberto Alves-prb/SP","outros"
0.4757013883993,-0.111469373421438,"Roberto Balestra-pp/GO","outros"
-0.127326608582089,-0.39488431283061,"Roberto Britto-pp/BA","outros"
0.389515136211496,0.429976830535177,"Roberto Freire-pps/SP","outros"
-0.0779894332618064,0.144210147035064,"Roberto Góes-pdt/AP","outros"
-0.202403371217465,-0.132696240089672,"Roberto Sales-prb/RJ","outros"
0.701449087394294,0.154514714058663,"Rocha-psdb/AC","psdb"
0.731638336609156,0.0238687378641371,"Rodrigo de Castro-psdb/MG","psdb"
0.0981098675317438,0.0114471097063342,"Rodrigo Garcia-dem/SP","outros"
0.367190784786828,-0.10565785861889,"Rodrigo Maia-dem/RJ","outros"
0.392376250534399,0.195894411322719,"Rodrigo Martins-psb/PI","outros"
-0.187774653459142,-0.14683168084755,"Rodrigo Pacheco-pmdb/MG","pmdb"
0.711188316651986,0.00651644809756883,"Rogério Marinho-psdb/RN","psdb"
-0.132375017505232,-0.34182315740414,"Rogério Peninha Mendonça-pmdb/SC","pmdb"
-0.211672395079404,-0.280071830121781,"Rogério Rosso-psd/DF","outros"
-0.132727259741729,-0.260615074374898,"Rômulo Gouveia-psd/PB","outros"
-0.219518700074933,-0.392750735827591,"Ronaldo Benedet-pmdb/SC","pmdb"
-0.0144025820362182,-0.296058886225417,"Ronaldo Carletto-pp/BA","outros"
-0.0342618971622703,0.0856933137406039,"Ronaldo Fonseca-s.part./DF","outros"
-0.16728171089077,0.250392206862144,"Ronaldo Lessa-pdt/AL","outros"
-0.0780348957003994,-0.0479472033549394,"Ronaldo Martins-prb/CE","outros"
0.0231530447079665,-0.0381385213789784,"Ronaldo Nogueira-ptb/RS","outros"
-0.12276711326804,-0.224837056854842,"Roney Nemer-pmdb/DF","pmdb"
-0.0644946617188139,-0.0348679544038257,"Rosângela Curado-pdt/MA","outros"
-0.304215037058512,-0.177315687660887,"Rosangela Gomes-prb/RJ","outros"
0.398075849087733,-0.0597421434841303,"Rossoni-psdb/PR","psdb"
0.564730846102307,0.462247782103176,"Rubens Bueno-pps/PR","outros"
-0.482146893178654,0.184260231106673,"Rubens Otoni-pt/GO","pt"
-0.527447278913288,0.506154396755116,"Rubens Pereira Júnior-pcdob/MA","outros"
-0.588642754087189,0.2685581324021,"Ságuas Moraes-pt/MT","pt"
0.772441655323267,0.112431265147454,"Samuel Moreira-psdb/SP","psdb"
-0.153922430756021,-0.260867839339037,"Sandes Júnior-pp/GO","outros"
0.596531552862684,0.329290655173373,"Sandro Alex-pps/PR","outros"
-0.240332056463047,-0.244770363400018,"Saraiva Felipe-pmdb/MG","pmdb"
-0.0846730167868684,0.160963544703834,"Sarney Filho-pv/MA","outros"
-0.143986913363617,-0.284276788762418,"Sérgio Brito-psd/BA","outros"
0.292254791029055,0.0191538334790213,"Sérgio Moraes-ptb/RS","outros"
-0.178045968422009,-0.120615573599426,"Sérgio Reis-prb/SP","outros"
-0.173440874391304,-0.424250414683353,"Sergio Souza-pmdb/PR","pmdb"
-0.186380583059519,0.255667894723544,"Sergio Vidigal-pdt/ES","outros"
-0.103209857195926,-0.213972652649352,"Sergio Zveiter-psd/RJ","outros"
0.709866083962141,0.080821960381588,"Shéridan-psdb/RR","psdb"
-0.533344648700511,0.206327652133658,"Sibá Machado-pt/AC","pt"
-0.0763548140418111,-0.256171614844804,"Silas Brasileiro-pmdb/MG","pmdb"
-0.15396578650188,-0.268299425648803,"Silas Câmara-psd/AM","outros"
-0.328902808698398,0.0983153581153808,"Silas Freire-pr/PI","outros"
-0.389831250621126,-0.0445011847657656,"Silvio Costa-s.part./PE","outros"
0.708101794129432,0.0686309858928355,"Silvio Torres-psdb/SP","psdb"
-0.102601195661546,-0.212810739054559,"Simão Sessim-pp/RJ","outros"
-0.260598942700091,-0.102592158097879,"Simone Morgado-pmdb/PA","pmdb"
-0.118329913019558,-0.361089694735255,"Soraya Santos-pmdb/RJ","pmdb"
0.303342849518389,-0.177141079301329,"Sóstenes Cavalcante-psd/RJ","outros"
0.406330464005707,0.0306789189480139,"Stefano Aguiar-s.part./MG","outros"
-0.176913593858798,0.200968745896411,"Subtenente Gonzaga-pdt/MG","outros"
0.0714115551618292,0.521956588007334,"Tadeu Alencar-psb/PE","outros"
0.0465202437272902,-0.138598434631525,"Takayama-psc/PR","outros"
0.19012402315244,0.104406270115697,"Tenente Lúcio-psb/MG","outros"
0.264630202142084,-0.0751763066997041,"Tereza Cristina-psb/MS","outros"
-0.199666983394143,-0.137690579688741,"Tia Eron-prb/BA","outros"
-0.0892701877669955,-0.20498924193261,"Tiririca-pr/SP","outros"
-0.0973639218368024,-0.27107792774809,"Toninho Pinheiro-pp/MG","outros"
-0.525205346020618,0.157812706106279,"Toninho Wandscheer-pt/PR","pt"
-0.301442520332707,0.0783971430065841,"Uldurico Junior-ptc/BA","outros"
0.253695584344271,0.180699893055186,"Valadares Filho-psb/SE","outros"
0.244898181551992,-0.0803107513775515,"Valdir Colatto-pmdb/SC","pmdb"
-0.678466318665319,0.371972936988886,"Valmir Assunção-pt/BA","pt"
-0.600537726539246,0.231090179512034,"Valmir Prascidelli-pt/SP","pt"
-0.407778948178582,-0.0453524095667582,"Valtenir Pereira-s.part./MT","outros"
0.622968229599559,0.139191347331015,"Vanderlei Macris-psdb/SP","psdb"
-0.361819785551144,0.0994590269786945,"Vander Loubet-pt/MS","pt"
-0.143130271989691,-0.212205453128994,"Veneziano Vital do Rêgo-pmdb/PB","pmdb"
-5.00246947916558e-05,-0.00245975067001532,"Vicente Arruda-pr/CE","outros"
-0.0625362579665672,-0.0457615850111748,"Vicente Arruda-pros/CE","outros"
-0.468108048419687,0.131718977047339,"Vicente Candido-pt/SP","pt"
-0.65519720107947,0.279519821330845,"Vicentinho-pt/SP","pt"
-0.167866699367356,-0.221239269193074,"Vicentinho Júnior-psb/TO","outros"
0.00469725141582862,0.0722260508592999,"Victor Mendes-pv/MA","outros"
-0.290028394525603,-0.214092897526336,"Vinicius Carvalho-prb/SP","outros"
-0.127800017809859,-0.209764103109332,"Vinicius Gurgel-pr/AP","outros"
0.687171396492144,0.0425521395219504,"Vitor Lippi-psdb/SP","psdb"
0.534646795477529,0.0327555534127489,"Vitor Valim-pmdb/CE","pmdb"
-0.367078314518017,0.316662729001457,"Wadih Damous-pt/RJ","pt"
-0.570845043489749,0.571275953927943,"Wadson Ribeiro-pcdob/MG","outros"
-0.521284756072597,0.472929730087594,"Waldenor Pereira-pt/BA","pt"
-0.0458984400967232,-0.161298468638331,"Waldir Maranhão-pp/MA","outros"
0.106440716538236,-0.176359360041515,"Walney Rocha-ptb/RJ","outros"
-0.104317741873423,-0.441440463055056,"Walter Alves-pmdb/RN","pmdb"
-0.169443005085468,-0.307996045142335,"Walter Ihoshi-psd/SP","outros"
-0.252219098693743,-0.313809217632304,"Washington Reis-pmdb/RJ","pmdb"
0.0867296481273161,0.396591243144403,"Weliton Prado-pt/MG","pt"
-0.192572990760478,-0.270540351321968,"Wellington Roberto-pr/PB","outros"
-0.130578283289311,0.140436189655186,"Weverton Rocha-pdt/MA","outros"
0.223742344151805,0.0977464311732525,"William Woo-pv/SP","outros"
-0.17260486151546,-0.266716745697344,"Wilson Filho-ptb/PB","outros"
-0.0991028585379239,0.317062234207117,"Wolney Queiroz-pdt/PE","outros"
-0.355873231056061,-0.23708770426804,"Zeca Cavalcanti-ptb/PE","outros"
-0.535636798286765,0.197761035814863,"Zeca Dirceu-pt/PR","pt"
-0.501763125884612,0.142315799443372,"Zeca do Pt-pt/MS","pt"
-0.514019696518511,0.412675097654936,"Zé Carlos-pt/MA","pt"
-0.541391579015761,0.237780531346538,"Zé Geraldo-pt/PA","pt"
-0.358915600397912,0.0611830415719458,"Zenaide Maia-pr/RN","outros"
0.615288038990461,0.0343745506011059,"Zé Silva-s.part./MG","outros"
